"SKU,","Quantity
10041
",<br,/>
Array4EL7601,"760317666282
",<br,/>
"Array550760312089062
",<br,/>
"Array777X753380041053
",<br,/>
"Array2252P3753386631971
",<br,/>
"Array4EL7601_760317666281
",<br,/>
"Array2252P3_753386631971
",<br,/>
"Array2252P3_753386631971
",<br,/>
"Array2252P3_753386631971
",<br,/>
"Array2135_753380036031
",<br,/>
"Array2252P3_753386631971
",<br,/>
"Array2135_753380036031
",<br,/>
"Array7420Z5_439355168571
",<br,/>
"Array2135_753380036031
",<br,/>
"Array7420Z5_439355168571
",<br,/>
"Array2135_753380036031
",<br,/>
"Array2252P3_753386631971
",<br,/>
"Array2135_753380036032
",<br,/>
"Array2252P3_753386631971
",<br,/>
"Array2135_753380036032
",<br,/>
"Array7601_760317601142
",<br,/>
"Array2727_760312727232
",<br,/>
"Array7601_760317601142
",<br,/>
"Array2727_760312727232
",<br,/>
"Array4EL7601__760317666042
",<br,/>
"Array2727_760312727232
",<br,/>
"Array4EL7601__760317666042
",<br,/>
"Array2727_760312727232
",<br,/>
"Array2135_753380036271
",<br,/>
"Array2135_753380036271
",<br,/>
"ArrayTESTING1
",<br,/>
"Array753386631971
",<br,/>
"Array753380036031
",<br,/>
"Array439355168571
",<br,/>
"Array753380036031
",<br,/>
"Array439355168571
",<br,/>
"Array753380036031
",<br,/>
"Array753386631971
",<br,/>
"Array753380036032
",<br,/>
"Array753386631971
",<br,/>
"Array753380036032
",<br,/>
"Array753386608821
",<br,/>
"Array753386608821
",<br,/>
"Array753386608821
",<br,/>
"Array753380036031
",<br,/>
"Array753386608821
",<br,/>
"Array753386631971
",<br,/>
"Array753380036032
",<br,/>
"Array760317601142
",<br,/>
"Array760312727232
",<br,/>
"Array760317601142
",<br,/>
"Array760312727232
",<br,/>
"Array760317666042
",<br,/>
"Array760312727232
",<br,/>
"Array760317666042
",<br,/>
"Array760312727232
",<br,/>
"Array760317601141
",<br,/>
"Array760317601141
",<br,/>
"Array753386631971
",<br,/>
"Array753386631971
",<br,/>
"Array753386631971
",<br,/>
"Array753380036031
",<br,/>
"Array7420Z5_439355168712
",<br,/>
Array2525V,"_760312525412
",<br,/>
"ArrayTESTING1
",<br,/>
"Array753386631971
",<br,/>
"Array753386631971
",<br,/>
"Array753386631971
",<br,/>
"Array753380036031
",<br,/>
"Array753386631971
",<br,/>
"Array753380036031
",<br,/>
"Array439355168571
",<br,/>
"Array753380036031
",<br,/>
"Array439355168571
",<br,/>
"Array753380036031
",<br,/>
"Array753386631971
",<br,/>
"Array753380036032
",<br,/>
"Array753380036031
",<br,/>
"Array439355168571
",<br,/>
"Array753380036031
",<br,/>
"Array439355168571
",<br,/>
"Array753380036031
",<br,/>
"Array753386608821
",<br,/>
"Array753380036032
",<br,/>
"Array753386608821
",<br,/>
"Array753380036032
",<br,/>
"Array753380036651
",<br,/>
